metric,architecture,seed,run_label,source_file,n_points,mean,sample_std,n_ge_outlier_sigma,n_ge_3std,n_ge_5std,n_ge_10std,worst_source_index,worst_error,worst_sigma
abs_energy_error,L3N4,0,L3N4 s0,examples/methane_sweep/results/per_point/random_common_80k/l3_n4_d1000000_seed0_task0_per_point.csv,80000,0.1997303498080699,0.2806366299242564,3030,1469,460,54,7522891,10.994155883789062,38.46406485459293
abs_energy_error,L3N4,1,L3N4 s1,examples/methane_sweep/results/per_point/random_common_80k/l3_n4_d1000000_seed1_task1_per_point.csv,80000,0.20599446008317174,0.2949561794406318,2823,1343,435,57,7140304,19.704620361328125,66.10685674808721
abs_energy_error,L3N4,7,L3N4 s7,examples/methane_sweep/results/per_point/random_common_80k/l3_n4_d1000000_seed7_task2_per_point.csv,80000,0.20470212453629938,0.30088395537312074,2775,1275,413,57,3937730,28.87258529663086,95.2788696776604
abs_energy_error,L3N4,42,L3N4 s42,examples/methane_sweep/results/per_point/random_common_80k/l3_n4_d1000000_seed42_task3_per_point.csv,80000,0.265648224465159,10.080732926707148,1,1,1,1,3937730,2850.048095703125,282.695957545771
abs_energy_error,L3N4,101,L3N4 s101,examples/methane_sweep/results/per_point/random_common_80k/l3_n4_d1000000_seed101_task4_per_point.csv,80000,0.19947978295959182,0.28335871310257266,2973,1427,456,65,7237219,9.82049560546875,33.9534850266858
abs_energy_error,L3N4,202,L3N4 s202,examples/methane_sweep/results/per_point/random_common_80k/l3_n4_d1000000_seed202_task5_per_point.csv,80000,0.23565154646359734,1.184069195510051,133,41,5,1,4707565,323.4248046875,272.9478601137149
abs_energy_error,L3N5,0,L3N5 s0,examples/methane_sweep/results/per_point/random_common_80k/l3_n5_d1000000_seed0_task3_per_point.csv,80000,0.27910872991609503,0.36418024682675726,2844,1391,427,51,7306805,22.873519897460938,62.04183605348903
abs_energy_error,L3N5,1,L3N5 s1,examples/methane_sweep/results/per_point/random_common_80k/l3_n5_d1000000_seed1_task4_per_point.csv,80000,0.20622627334078425,0.2853231740266558,3054,1475,468,60,3838582,9.35308837890625,32.05790113883612
abs_energy_error,L3N5,2,L3N5 s2,examples/methane_sweep/results/per_point/random_common_80k/l3_n5_d1000000_seed2_task5_per_point.csv,80000,0.2711846569232875,0.3596966094728214,2968,1403,369,55,3937730,16.674484252929688,45.60315322417802
abs_energy_error,L3N5,3,L3N5 s3,examples/methane_sweep/results/per_point/random_common_80k/l3_n5_d1000000_seed3_task6_per_point.csv,80000,0.21322648383491905,2.6399977202385,10,3,1,1,3937730,742.6024780273438,281.2082926633894
abs_energy_error,L3N5,4,L3N5 s4,examples/methane_sweep/results/per_point/random_common_80k/l3_n5_d1000000_seed4_task7_per_point.csv,80000,0.2038352158157795,0.2931835987286264,2882,1356,427,69,3838582,9.99810791015625,33.4066187085934
abs_energy_error,L3N5,7,L3N5 s7,examples/methane_sweep/results/per_point/random_common_80k/l3_n5_d1000000_seed7_task2_per_point.csv,80000,0.21562233584981877,0.4545444467777628,1442,599,139,15,3937730,96.79352569580078,212.47185846089573
abs_energy_error,L3N5,42,L3N5 s42,examples/methane_sweep/results/per_point/random_common_80k/l3_n5_d1000000_seed42_task0_per_point.csv,80000,0.2081716774016153,0.28944413527122254,2973,1483,469,62,3838582,8.52740478515625,28.74210285849851
abs_energy_error,L3N5,1776,L3N5 s1776,examples/methane_sweep/results/per_point/random_common_80k/l3_n5_d1000000_seed1776_task1_per_point.csv,80000,0.21555212002652696,0.3658846474755826,2106,920,266,38,5550185,43.38862609863281,117.9964075466912
abs_energy_error,L4N3,7,L4N3 s7,examples/methane_sweep/results/per_point/random_common_80k/l4_n3_d1000000_seed7_task2_per_point.csv,80000,0.20703997271741972,0.2962906576587127,2901,1449,462,71,6266598,14.275634765625,47.48241103542564
abs_energy_error,L4N3,42,L4N3 s42,examples/methane_sweep/results/per_point/random_common_80k/l4_n3_d1000000_seed42_task0_per_point.csv,80000,0.21443938535493218,0.29780571820573154,3086,1498,480,62,5122175,8.33160400390625,27.256577433962434
abs_energy_error,L4N3,101,L4N3 s101,examples/methane_sweep/results/per_point/random_common_80k/l4_n3_d1000000_seed101_task3_per_point.csv,80000,0.2188547617257631,0.3064262554889219,3064,1473,456,58,6260202,9.247272491455078,29.46359056381745
abs_energy_error,L4N3,202,L4N3 s202,examples/methane_sweep/results/per_point/random_common_80k/l4_n3_d1000000_seed202_task4_per_point.csv,80000,0.21289867895157077,0.36873983530476245,2127,937,246,27,3628756,62.61231994628906,169.22343422908062
abs_energy_error,L4N3,303,L4N3 s303,examples/methane_sweep/results/per_point/random_common_80k/l4_n3_d1000000_seed303_task5_per_point.csv,80000,0.21497051230372163,0.30262715640676385,2975,1431,436,53,5790076,9.54962158203125,30.845384732032244
abs_energy_error,L4N3,1776,L4N3 s1776,examples/methane_sweep/results/per_point/random_common_80k/l4_n3_d1000000_seed1776_task1_per_point.csv,80000,0.20889746330198833,0.2988562265460486,2873,1393,434,64,6592784,11.780776977539062,38.72055686433572
abs_energy_error,L4N4,0,L4N4 s0,examples/methane_sweep/results/per_point/random_common_80k/l4_n4_d1000000_seed0_task6_per_point.csv,80000,0.183090003550495,0.2584556041364583,2985,1498,475,64,6266598,9.1448974609375,34.674455937335324
abs_energy_error,L4N4,7,L4N4 s7,examples/methane_sweep/results/per_point/random_common_80k/l4_n4_d1000000_seed7_task7_per_point.csv,80000,0.18390466804380995,0.2669865535328786,2829,1361,444,78,7306805,11.410106658935549,42.04781792319464
abs_energy_error,L4N4,42,L4N4 s42,examples/methane_sweep/results/per_point/random_common_80k/l4_n4_d1000000_seed42_task8_per_point.csv,80000,0.18831727622949984,0.2736557746567752,2881,1410,437,67,3937730,12.028327941894531,43.266072789858065
abs_energy_error,L4N4,1776,L4N4 s1776,examples/methane_sweep/results/per_point/random_common_80k/l4_n4_d1000000_seed1776_task9_per_point.csv,80000,0.18196098293097457,0.4122309731652796,1267,528,134,18,3937730,89.88688659667969,217.60840755112906
force_mae,L3N4,0,L3N4 s0,examples/methane_sweep/results/per_point/random_common_80k/l3_n4_d1000000_seed0_task0_per_point.csv,80000,0.582884143878776,0.8055986490160479,2601,1292,457,70,6266598,42.44482390085856,51.9637660863876
force_mae,L3N4,1,L3N4 s1,examples/methane_sweep/results/per_point/random_common_80k/l3_n4_d1000000_seed1_task1_per_point.csv,80000,0.6041831642617682,2.2197218485766372,343,113,26,7,7140304,570.8828290303549,256.9144626079054
force_mae,L3N4,7,L3N4 s7,examples/methane_sweep/results/per_point/random_common_80k/l3_n4_d1000000_seed7_task2_per_point.csv,80000,0.5900155144423305,1.223081324961448,1284,550,167,24,3937730,262.4850346883138,214.12723244885333
force_mae,L3N4,42,L3N4 s42,examples/methane_sweep/results/per_point/random_common_80k/l3_n4_d1000000_seed42_task3_per_point.csv,80000,2.3786001279911937,492.2995631657765,1,1,1,1,3937730,139243.77760416668,282.83876205096425
force_mae,L3N4,101,L3N4 s101,examples/methane_sweep/results/per_point/random_common_80k/l3_n4_d1000000_seed101_task4_per_point.csv,80000,0.5807663608315538,0.9437260879900847,2021,957,292,42,3937730,148.747536722819,157.00188036292175
force_mae,L3N4,202,L3N4 s202,examples/methane_sweep/results/per_point/random_common_80k/l3_n4_d1000000_seed202_task5_per_point.csv,80000,0.6539855536744487,5.326287525721388,38,13,5,1,4707565,1487.761707560221,279.20154794969204
force_mae,L3N5,0,L3N5 s0,examples/methane_sweep/results/per_point/random_common_80k/l3_n5_d1000000_seed0_task3_per_point.csv,80000,0.7222488466519684,0.960911105703023,2489,1205,415,53,7306805,64.86441561381022,66.75140539689204
force_mae,L3N5,1,L3N5 s1,examples/methane_sweep/results/per_point/random_common_80k/l3_n5_d1000000_seed1_task4_per_point.csv,80000,0.604897708594813,0.7926970774021175,2876,1407,463,70,6266598,37.862176704406735,47.00065139373807
force_mae,L3N5,2,L3N5 s2,examples/methane_sweep/results/per_point/random_common_80k/l3_n5_d1000000_seed2_task5_per_point.csv,80000,0.7000906752509899,1.401927933612531,1178,481,134,22,3937730,270.8245330174764,192.68069054459917
force_mae,L3N5,3,L3N5 s3,examples/methane_sweep/results/per_point/random_common_80k/l3_n5_d1000000_seed3_task6_per_point.csv,80000,0.9543238453082751,92.9956463971765,3,3,2,2,3937730,26224.474267578124,281.98653334516746
force_mae,L3N5,4,L3N5 s4,examples/methane_sweep/results/per_point/random_common_80k/l3_n5_d1000000_seed4_task7_per_point.csv,80000,0.5974813308890118,0.8508465580341565,2490,1210,395,68,7306805,56.4520009358724,65.64581954005055
force_mae,L3N5,7,L3N5 s7,examples/methane_sweep/results/per_point/random_common_80k/l3_n5_d1000000_seed7_task2_per_point.csv,80000,0.6349262734162018,2.142844427526728,430,144,40,7,3937730,557.8874362945556,260.05271444942014
force_mae,L3N5,42,L3N5 s42,examples/methane_sweep/results/per_point/random_common_80k/l3_n5_d1000000_seed42_task0_per_point.csv,80000,0.6043628579591266,0.8174316522323556,2713,1344,421,69,3587886,50.2131711324056,60.68863144578249
force_mae,L3N5,1776,L3N5 s1776,examples/methane_sweep/results/per_point/random_common_80k/l3_n5_d1000000_seed1776_task1_per_point.csv,80000,0.653152918197432,8.15478215671311,11,3,3,2,5550185,2180.0273310343423,267.251060326861
force_mae,L4N3,7,L4N3 s7,examples/methane_sweep/results/per_point/random_common_80k/l4_n3_d1000000_seed7_task2_per_point.csv,80000,0.6039136420403755,0.8098434971357961,2745,1351,440,77,6266598,43.548957697550456,53.028818787081
force_mae,L4N3,42,L4N3 s42,examples/methane_sweep/results/per_point/random_common_80k/l4_n3_d1000000_seed42_task0_per_point.csv,80000,0.6298982761745554,1.4334129704384087,1049,417,118,12,7508701,326.13772239685056,227.0858648789257
force_mae,L4N3,101,L4N3 s101,examples/methane_sweep/results/per_point/random_common_80k/l4_n3_d1000000_seed101_task3_per_point.csv,80000,0.6427452117045079,0.8778280344541138,2699,1312,431,59,3937730,69.58984718322753,78.54283443385181
force_mae,L4N3,202,L4N3 s202,examples/methane_sweep/results/per_point/random_common_80k/l4_n3_d1000000_seed202_task4_per_point.csv,80000,0.6214379529677566,0.9268021611690631,2262,1066,357,52,3628756,120.51460447311402,129.36219998550035
force_mae,L4N3,303,L4N3 s303,examples/methane_sweep/results/per_point/random_common_80k/l4_n3_d1000000_seed303_task5_per_point.csv,80000,0.6292387607715947,0.834900009313988,2753,1344,459,71,6266598,45.132344563802086,53.30351575824912
force_mae,L4N3,1776,L4N3 s1776,examples/methane_sweep/results/per_point/random_common_80k/l4_n3_d1000000_seed1776_task1_per_point.csv,80000,0.6139854113521747,0.9403830321703833,2199,1027,330,60,7508701,116.72664111455282,123.47378858507814
force_mae,L4N4,0,L4N4 s0,examples/methane_sweep/results/per_point/random_common_80k/l4_n4_d1000000_seed0_task6_per_point.csv,80000,0.5445171628077453,0.7618457140108997,2615,1284,433,87,6266598,43.53424237569173,56.428387562299704
force_mae,L4N4,7,L4N4 s7,examples/methane_sweep/results/per_point/random_common_80k/l4_n4_d1000000_seed7_task7_per_point.csv,80000,0.5533003617275281,0.7874632206834159,2466,1198,399,78,6266598,59.02394828796387,74.2519096644176
force_mae,L4N4,42,L4N4 s42,examples/methane_sweep/results/per_point/random_common_80k/l4_n4_d1000000_seed42_task8_per_point.csv,80000,0.5667680229394589,0.9724470045362181,1852,829,265,45,3937730,162.48036575317383,166.50120466714236
force_mae,L4N4,1776,L4N4 s1776,examples/methane_sweep/results/per_point/random_common_80k/l4_n4_d1000000_seed1776_task9_per_point.csv,80000,0.5456845436133745,1.5124562389558096,681,266,70,17,3937730,370.2244784037272,244.42280334361126
force_rmse,L3N4,0,L3N4 s0,examples/methane_sweep/results/per_point/random_common_80k/l3_n4_d1000000_seed0_task0_per_point.csv,80000,0.7487737191471382,1.062059810771518,2580,1249,432,71,6266598,66.2939031846871,61.71510191871929
force_rmse,L3N4,1,L3N4 s1,examples/methane_sweep/results/per_point/random_common_80k/l3_n4_d1000000_seed1_task1_per_point.csv,80000,0.7759377503699537,2.727832319847768,400,133,29,8,7140304,687.9956930235953,251.92888517120326
force_rmse,L3N4,7,L3N4 s7,examples/methane_sweep/results/per_point/random_common_80k/l3_n4_d1000000_seed7_task2_per_point.csv,80000,0.7593240561979255,1.803635935018513,1014,417,114,24,3937730,414.7748789531857,229.5449690587021
force_rmse,L3N4,42,L3N4 s42,examples/methane_sweep/results/per_point/random_common_80k/l3_n4_d1000000_seed42_task3_per_point.csv,80000,3.06855626350397,635.9190477885116,1,1,1,1,3937730,179865.61295243155,282.83874342443846
force_rmse,L3N4,101,L3N4 s101,examples/methane_sweep/results/per_point/random_common_80k/l3_n4_d1000000_seed101_task4_per_point.csv,80000,0.7459622809873312,1.2523542465365345,1939,924,274,46,3937730,201.27902566320157,160.12487196558098
force_rmse,L3N4,202,L3N4 s202,examples/methane_sweep/results/per_point/random_common_80k/l3_n4_d1000000_seed202_task5_per_point.csv,80000,0.8431210359313008,7.652568671926223,30,11,4,1,4707565,2142.209005199933,279.8231516718948
force_rmse,L3N5,0,L3N5 s0,examples/methane_sweep/results/per_point/random_common_80k/l3_n5_d1000000_seed0_task3_per_point.csv,80000,0.9302972736635371,1.2755249187294415,2431,1199,418,53,7306805,95.44022227315418,74.09492641949525
force_rmse,L3N5,1,L3N5 s1,examples/methane_sweep/results/per_point/random_common_80k/l3_n5_d1000000_seed1_task4_per_point.csv,80000,0.77667101360709,1.0342250207399561,2835,1424,475,72,6266598,57.83772347096794,55.17276348287863
force_rmse,L3N5,2,L3N5 s2,examples/methane_sweep/results/per_point/random_common_80k/l3_n5_d1000000_seed2_task5_per_point.csv,80000,0.8995919849183872,2.005835693119988,982,413,95,17,3937730,411.6749673806163,204.79014148798754
force_rmse,L3N5,3,L3N5 s3,examples/methane_sweep/results/per_point/random_common_80k/l3_n5_d1000000_seed3_task6_per_point.csv,80000,1.3426306001985093,150.97216563344338,3,3,2,2,3937730,42601.954277033605,282.1752703068897
force_rmse,L3N5,4,L3N5 s4,examples/methane_sweep/results/per_point/random_common_80k/l3_n5_d1000000_seed4_task7_per_point.csv,80000,0.767989277423989,1.1236320753312905,2458,1187,394,61,7306805,77.08779415843115,67.92241567018733
force_rmse,L3N5,7,L3N5 s7,examples/methane_sweep/results/per_point/random_common_80k/l3_n5_d1000000_seed7_task2_per_point.csv,80000,0.8156407186690648,2.715445565417085,470,164,38,7,3937730,702.0980929625365,258.2568625845948
force_rmse,L3N5,42,L3N5 s42,examples/methane_sweep/results/per_point/random_common_80k/l3_n5_d1000000_seed42_task0_per_point.csv,80000,0.7763728265238862,1.0743564989113195,2674,1338,437,66,3587886,66.37575037305601,61.05922718669838
force_rmse,L3N5,1776,L3N5 s1776,examples/methane_sweep/results/per_point/random_common_80k/l3_n5_d1000000_seed1776_task1_per_point.csv,80000,0.8445330250675972,11.79982220048153,7,3,3,2,5550185,3185.393615054313,269.88110735255736
force_rmse,L4N3,7,L4N3 s7,examples/methane_sweep/results/per_point/random_common_80k/l4_n3_d1000000_seed7_task2_per_point.csv,80000,0.7753723255357129,1.0564935853803457,2731,1348,455,82,6266598,50.09047381752151,46.67808889178631
force_rmse,L4N3,42,L4N3 s42,examples/methane_sweep/results/per_point/random_common_80k/l4_n3_d1000000_seed42_task0_per_point.csv,80000,0.809886800124928,2.047969306208862,879,348,93,11,7508701,486.9633026656726,237.38315530006648
force_rmse,L4N3,101,L4N3 s101,examples/methane_sweep/results/per_point/random_common_80k/l4_n3_d1000000_seed101_task3_per_point.csv,80000,0.8257259389713092,1.1601534754277159,2595,1277,413,61,3937730,103.36672337172006,88.3857175835678
force_rmse,L4N3,202,L4N3 s202,examples/methane_sweep/results/per_point/random_common_80k/l4_n3_d1000000_seed202_task4_per_point.csv,80000,0.7987275902263791,1.2491149539856543,2128,1006,331,53,3628756,175.72073603355872,140.03675793424316
force_rmse,L4N3,303,L4N3 s303,examples/methane_sweep/results/per_point/random_common_80k/l4_n3_d1000000_seed303_task5_per_point.csv,80000,0.8081150269731313,1.0942569696426558,2727,1335,458,74,6266598,58.85059608692058,53.042825104328095
force_rmse,L4N3,1776,L4N3 s1776,examples/methane_sweep/results/per_point/random_common_80k/l4_n3_d1000000_seed1776_task1_per_point.csv,80000,0.7893848742178087,1.2645035356073908,2082,1002,311,53,7508701,171.816428340269,135.25232524075165
force_rmse,L4N4,0,L4N4 s0,examples/methane_sweep/results/per_point/random_common_80k/l4_n4_d1000000_seed0_task6_per_point.csv,80000,0.6998088506690505,1.0027711299909015,2583,1249,418,85,6266598,62.54296158067261,61.67225090591179
force_rmse,L4N4,7,L4N4 s7,examples/methane_sweep/results/per_point/random_common_80k/l4_n4_d1000000_seed7_task7_per_point.csv,80000,0.7121068102430937,1.0548637193503148,2334,1136,386,70,6266598,96.1626373967728,90.48612520801947
force_rmse,L4N4,42,L4N4 s42,examples/methane_sweep/results/per_point/random_common_80k/l4_n4_d1000000_seed42_task8_per_point.csv,80000,0.7284919982471453,1.294255059768757,1781,809,255,44,3937730,223.1200374064969,171.8297670383334
force_rmse,L4N4,1776,L4N4 s1776,examples/methane_sweep/results/per_point/random_common_80k/l4_n4_d1000000_seed1776_task9_per_point.csv,80000,0.7028454213925167,2.376875554184212,467,161,53,10,3937730,609.9010931971195,256.30212179316857
