tag,l_max,n_max,seed,split_seed,batch_size,selected_configs,batches_per_pass,parameter_count,warmup_passes,timed_passes,warmup_cuda_seconds,warmup_wall_seconds,timed_cuda_seconds,timed_wall_seconds,total_with_warmup_cuda_seconds,total_with_warmup_wall_seconds,cuda_seconds_per_timed_pass,cuda_configs_per_second,cuda_atoms_per_second,device_name,torch_version,custom_kernels
random_init_inference_l1_n2,1,2,42,42,2048,4896,3,3111529,2,5,15.5689248046875,15.569017007999719,0.48045159912109375,0.4804738120001275,16.049376403808594,16.049595070000578,0.09609031982421876,50952.06269431111,702682.6440323899,NVIDIA A100-PCIE-40GB,2.5.1,triton
random_init_inference_l2_n2,2,2,42,42,2048,4896,3,3243670,2,5,15.9356611328125,15.935751422999601,0.8745010986328124,0.8745235210008104,16.81016223144531,16.810388933001377,0.1749002197265625,27993.103768848116,386054.4035082503,NVIDIA A100-PCIE-40GB,2.5.1,triton
random_init_inference_l2_n3,2,3,42,42,2048,4896,3,3507862,2,5,6.876736328125,6.8768245080009365,0.8974714965820313,0.8974946110010933,7.774207824707031,7.774423718999969,0.17949429931640626,27276.63228663047,376173.50666372053,NVIDIA A100-PCIE-40GB,2.5.1,triton
random_init_inference_l2_n4,2,4,42,42,2048,4896,3,3639958,2,5,6.895166015625,6.895238443999915,0.9404119262695313,0.9404337240011955,7.835577941894531,7.835763632998351,0.18808238525390625,26031.14583745059,358996.9358844978,NVIDIA A100-PCIE-40GB,2.5.1,triton
random_init_inference_l3_n3,3,3,42,42,2048,4896,3,3772243,2,5,15.878001953125,15.878148543999487,1.3814097900390625,1.3814303510007448,17.259411743164062,17.25981312300064,0.2762819580078125,17721.026864380172,244391.63703223318,NVIDIA A100-PCIE-40GB,2.5.1,triton
random_init_inference_l3_n2,3,2,42,42,2048,4896,3,3375955,2,5,16.05887109375,16.058990073999666,1.284548583984375,1.2845809640002699,17.343419677734374,17.34375718499905,0.256909716796875,19057.278412988206,262819.95419186616,NVIDIA A100-PCIE-40GB,2.5.1,triton
random_init_inference_l3_n4,3,4,42,42,2048,4896,3,4564819,2,5,7.10821923828125,7.108303152999724,1.635410888671875,1.6354354039995087,8.743630126953125,8.743825513998672,0.327082177734375,14968.715305473064,206434.35991438862,NVIDIA A100-PCIE-40GB,2.5.1,triton
random_init_inference_l4_n3,4,3,42,42,2048,4896,3,4433452,2,5,7.65231103515625,7.652373396000257,2.48743017578125,2.487452231000134,10.139741210937501,10.139912554001057,0.49748603515624995,9841.482280929291,135724.41280445806,NVIDIA A100-PCIE-40GB,2.5.1,triton
random_init_inference_l4_n4,4,4,42,42,2048,4896,3,5886508,2,5,8.984208984375,8.98430039699997,3.927002197265625,3.9270341219998954,12.911211181640624,12.9114265850003,0.785400439453125,6233.762745802751,85970.15816163145,NVIDIA A100-PCIE-40GB,2.5.1,triton
