condition,subset,architecture,seed,run_file,n_molecules,energy_mae,energy_rmse,force_mae,force_rmse
raw,all,L3N4,0,l3_n4_d1000000_seed0_task0_per_point.npz,80000,0.1997303498080699,0.34445340211445485,0.5828841438787761,1.2994687470283575
raw,all,L3N4,101,l3_n4_d1000000_seed101_task4_per_point.npz,80000,0.19947978295959182,0.3465304322115855,0.5807663608315538,1.4576801015944572
raw,all,L3N4,1,l3_n4_d1000000_seed1_task1_per_point.npz,80000,0.20599446008317174,0.35976628230814545,0.6041831642617683,2.8360281282615434
raw,all,L3N4,202,l3_n4_d1000000_seed202_task5_per_point.npz,80000,0.23565154646359734,1.2072837221872321,0.6539855536744488,7.698826425968148
raw,all,L3N4,42,l3_n4_d1000000_seed42_task3_per_point.npz,80000,0.265648224465159,10.08416952723698,2.3786001279911932,635.9224767727965
raw,all,L3N4,7,l3_n4_d1000000_seed7_task2_per_point.npz,80000,0.20470212453629938,0.36391342755003725,0.5900155144423305,1.95694530956505
raw,all,L3N5,0,l3_n5_d1000000_seed0_task3_per_point.npz,80000,0.27910872991609503,0.45883251568902705,0.7222488466519684,1.5787325608341107
raw,all,L3N5,1776,l3_n5_d1000000_seed1776_task1_per_point.npz,80000,0.21555212002652696,0.4246558822288594,0.6531529181974322,11.829932355929051
raw,all,L3N5,1,l3_n5_d1000000_seed1_task4_per_point.npz,80000,0.20622627334078425,0.3520476840376211,0.6048977085948131,1.2933777045529307
raw,all,L3N5,2,l3_n5_d1000000_seed2_task5_per_point.npz,80000,0.2711846569232875,0.45046770333311215,0.7000906752509899,2.198315781436598
raw,all,L3N5,3,l3_n5_d1000000_seed3_task6_per_point.npz,80000,0.21322648383491905,2.6485781801607344,0.9543238453082752,150.9771921369102
raw,all,L3N5,42,l3_n5_d1000000_seed42_task0_per_point.npz,80000,0.2081716774016153,0.3565281300139793,0.6043628579591265,1.3255120612405198
raw,all,L3N5,4,l3_n5_d1000000_seed4_task7_per_point.npz,80000,0.2038352158157795,0.35707750322913323,0.5974813308890118,1.3610072700351439
raw,all,L3N5,7,l3_n5_d1000000_seed7_task2_per_point.npz,80000,0.21562233584981877,0.5030915057727154,0.6349262734162017,2.8352816844427586
raw,high_force,L3N4,0,l3_n4_d1000000_seed0_task0_per_point.npz,12000,0.39295713083725425,0.6340466713623387,1.2550714828889455,2.584316054412506
raw,high_force,L3N4,101,l3_n4_d1000000_seed101_task4_per_point.npz,12000,0.38862615303633113,0.6348833372821884,1.2310290220945557,2.520135034004299
raw,high_force,L3N4,1,l3_n4_d1000000_seed1_task1_per_point.npz,12000,0.39954074114561083,0.6433489017816254,1.2631195572476006,2.543242707850919
raw,high_force,L3N4,202,l3_n4_d1000000_seed202_task5_per_point.npz,12000,0.4803361012491708,3.036678660185723,1.4770014075875904,19.73908659123939
raw,high_force,L3N4,42,l3_n4_d1000000_seed42_task3_per_point.npz,12000,0.45810187426306465,0.7417585775552221,1.3737568118440866,2.7900752268659623
raw,high_force,L3N4,7,l3_n4_d1000000_seed7_task2_per_point.npz,12000,0.4000723860282451,0.6440749677076462,1.2581838252090953,2.596774136510607
raw,high_force,L3N5,0,l3_n5_d1000000_seed0_task3_per_point.npz,12000,0.5227302262143543,0.8425994126711438,1.5482556592429575,3.172209913197685
raw,high_force,L3N5,1776,l3_n5_d1000000_seed1776_task1_per_point.npz,12000,0.42535073155971864,0.7799719134152592,1.4990535195412114,29.202189129444754
raw,high_force,L3N5,1,l3_n5_d1000000_seed1_task4_per_point.npz,12000,0.4050575595910971,0.6467457869823375,1.2864088121368913,2.555345727692707
raw,high_force,L3N5,2,l3_n5_d1000000_seed2_task5_per_point.npz,12000,0.5157063943392908,0.8104781884002064,1.4702641431805006,3.0740181625224663
raw,high_force,L3N5,3,l3_n5_d1000000_seed3_task6_per_point.npz,12000,0.3986936640046382,0.6429475992242751,1.3053630880753897,6.103995801853406
raw,high_force,L3N5,42,l3_n5_d1000000_seed42_task0_per_point.npz,12000,0.40906784307366856,0.6567873154158992,1.2898141837879498,2.5850123753547285
raw,high_force,L3N5,4,l3_n5_d1000000_seed4_task7_per_point.npz,12000,0.4021937045312176,0.663294213219318,1.290138441294222,2.714103561671626
raw,high_force,L3N5,7,l3_n5_d1000000_seed7_task2_per_point.npz,12000,0.42589784049149604,0.683396907311396,1.3541441148260402,2.753164439193802
raw,high_energy,L3N4,0,l3_n4_d1000000_seed0_task0_per_point.npz,12000,0.229845783551534,0.4814575044254635,0.7226365452822867,2.089182091987782
raw,high_energy,L3N4,101,l3_n4_d1000000_seed101_task4_per_point.npz,12000,0.22980111821492513,0.4823256302298511,0.7268738520307052,2.7307483345066306
raw,high_energy,L3N4,1,l3_n4_d1000000_seed1_task1_per_point.npz,12000,0.23691259002685547,0.5136223099994096,0.7775241756121344,6.602797070889488
raw,high_energy,L3N4,202,l3_n4_d1000000_seed202_task5_per_point.npz,12000,0.29451505629221597,2.9990855782972017,0.9041663735644944,19.67675196275699
raw,high_energy,L3N4,42,l3_n4_d1000000_seed42_task3_per_point.npz,12000,0.5083409722646077,26.023546281478538,12.394342543182212,1641.9424108118328
raw,high_energy,L3N4,7,l3_n4_d1000000_seed7_task2_per_point.npz,12000,0.23837623850504558,0.5479856162931013,0.7491760444900849,4.322952537058985
raw,high_energy,L3N5,0,l3_n5_d1000000_seed0_task3_per_point.npz,12000,0.3095197760264079,0.6102597675856468,0.894187546726073,2.5191895648682836
raw,high_energy,L3N5,1776,l3_n5_d1000000_seed1776_task1_per_point.npz,12000,0.250054630279541,0.6332497131194107,0.9421398127871876,29.156244679532517
raw,high_energy,L3N5,1,l3_n5_d1000000_seed1_task4_per_point.npz,12000,0.24077812957763672,0.4829030012064071,0.7396565590576631,2.005357006685815
raw,high_energy,L3N5,2,l3_n5_d1000000_seed2_task5_per_point.npz,12000,0.3052477788925171,0.6269877158355905,0.8719640975287339,4.526299736638761
raw,high_energy,L3N5,3,l3_n5_d1000000_seed3_task6_per_point.npz,12000,0.2921848678588867,6.794842959581208,2.9135678254869406,388.90643130545953
raw,high_energy,L3N5,42,l3_n5_d1000000_seed42_task0_per_point.npz,12000,0.23899267864227294,0.49061400228279073,0.7401471956076825,2.046980739457673
raw,high_energy,L3N5,4,l3_n5_d1000000_seed4_task7_per_point.npz,12000,0.23121737766265868,0.4886767070514875,0.7385294262979386,2.153282648036496
raw,high_energy,L3N5,7,l3_n5_d1000000_seed7_task2_per_point.npz,12000,0.2559131520589193,1.0221325938610815,0.8251840597206003,6.776765377796316
raw,planar,L3N4,0,l3_n4_d1000000_seed0_task0_per_point.npz,12000,0.20694010868575424,0.35870086046062516,0.5980089835087096,1.3650517441541874
raw,planar,L3N4,101,l3_n4_d1000000_seed101_task4_per_point.npz,12000,0.2073258620998822,0.37944176763191384,0.6115535885455449,2.311514118599292
raw,planar,L3N4,1,l3_n4_d1000000_seed1_task1_per_point.npz,12000,0.2188746388644601,0.42814951464269985,0.6640579705469517,6.42989364396077
raw,planar,L3N4,202,l3_n4_d1000000_seed202_task5_per_point.npz,12000,0.23962444845121353,0.4069150901146784,0.658273450323691,1.4712694841446883
raw,planar,L3N4,42,l3_n4_d1000000_seed42_task3_per_point.npz,12000,0.47442004657071085,26.020703274874663,12.268748943198016,1641.9415534357315
raw,planar,L3N4,7,l3_n4_d1000000_seed7_task2_per_point.npz,12000,0.21518020402407273,0.4586987806689928,0.6268103729777297,4.029982776519964
raw,planar,L3N5,0,l3_n5_d1000000_seed0_task3_per_point.npz,12000,0.28771861498461415,0.52704717272856,0.7548107666251612,1.944234594288083
raw,planar,L3N5,1776,l3_n5_d1000000_seed1776_task1_per_point.npz,12000,0.22564465101342648,0.39820730709585933,0.6423154053178616,1.4632414916657235
raw,planar,L3N5,1,l3_n5_d1000000_seed1_task4_per_point.npz,12000,0.21458657170894246,0.3859877175711502,0.6268151470017516,1.3853542230687141
raw,planar,L3N5,2,l3_n5_d1000000_seed2_task5_per_point.npz,12000,0.28341628950058173,0.5066773754161745,0.7367414053732374,4.049861945500744
raw,planar,L3N5,3,l3_n5_d1000000_seed3_task6_per_point.npz,12000,0.27276245106601466,6.788923007977296,2.8055955663461236,388.9032691129372
raw,planar,L3N5,42,l3_n5_d1000000_seed42_task0_per_point.npz,12000,0.21534664959615718,0.3845431621122246,0.6238473947267772,1.4003133380528112
raw,planar,L3N5,4,l3_n5_d1000000_seed4_task7_per_point.npz,12000,0.21741304927226157,0.40701534992754823,0.6387683237476585,1.7148654442624112
raw,planar,L3N5,7,l3_n5_d1000000_seed7_task2_per_point.npz,12000,0.23273796915480247,0.9653514433392718,0.6979124776126817,6.573696918555578
single_point_removed,all,L3N4,0,l3_n4_d1000000_seed0_task0_per_point.npz,79999,0.19972404117898868,0.3444465514068034,0.5827516680571588,1.2980738547395774
single_point_removed,all,L3N4,101,l3_n4_d1000000_seed101_task4_per_point.npz,79999,0.19937756011790556,0.3452645522215129,0.5789142530506817,1.2721776337777988
single_point_removed,all,L3N4,1,l3_n4_d1000000_seed1_task1_per_point.npz,79999,0.20599208465158828,0.35976580620634957,0.6041739060911369,2.836038616465406
single_point_removed,all,L3N4,202,l3_n4_d1000000_seed202_task5_per_point.npz,79999,0.2356523020996734,1.207291108872183,0.6539698249368936,7.698869806895957
single_point_removed,all,L3N4,42,l3_n4_d1000000_seed42_task3_per_point.npz,79999,0.2300254985876023,0.3947152819364955,0.6380608837001563,1.3829151563668889
single_point_removed,all,L3N4,7,l3_n4_d1000000_seed7_task2_per_point.npz,79999,0.20434377151723546,0.3493052828931794,0.5867417857810489,1.2958311740833268
single_point_removed,all,L3N5,0,l3_n5_d1000000_seed0_task3_per_point.npz,79999,0.2790580983646451,0.4585799713479776,0.7216810754932186,1.5595876516671259
single_point_removed,all,L3N5,1776,l3_n5_d1000000_seed1776_task1_per_point.npz,79999,0.21555414421102004,0.42465849403850103,0.6531516829616013,11.830005805197429
single_point_removed,all,L3N5,1,l3_n5_d1000000_seed1_task4_per_point.npz,79999,0.2062253340065804,0.3520484788134601,0.6048649555029184,1.293269132067132
single_point_removed,all,L3N5,2,l3_n5_d1000000_seed2_task5_per_point.npz,79999,0.27097961311528984,0.44659619852222254,0.6967140775142404,1.647474648507307
single_point_removed,all,L3N5,3,l3_n5_d1000000_seed3_task6_per_point.npz,79999,0.20394650219085464,0.3489088612898367,0.6265257485354053,10.369789627636619
single_point_removed,all,L3N5,42,l3_n5_d1000000_seed42_task0_per_point.npz,79999,0.20815761477142763,0.35649919975339667,0.6041989689571777,1.3239194888544696
single_point_removed,all,L3N5,4,l3_n5_d1000000_seed4_task7_per_point.npz,79999,0.20383761596646005,0.3570797325367195,0.5969139734641165,1.342844364055362
single_point_removed,all,L3N5,7,l3_n5_d1000000_seed7_task2_per_point.npz,79999,0.21441509696733335,0.36876880338938933,0.6279605299691443,1.3700635174296512
single_point_removed,high_force,L3N4,0,l3_n4_d1000000_seed0_task0_per_point.npz,12000,0.39295713083725425,0.6340466713623387,1.2550714828889455,2.584316054412506
single_point_removed,high_force,L3N4,101,l3_n4_d1000000_seed101_task4_per_point.npz,12000,0.38862615303633113,0.6348833372821884,1.2310290220945557,2.520135034004299
single_point_removed,high_force,L3N4,1,l3_n4_d1000000_seed1_task1_per_point.npz,12000,0.39954074114561083,0.6433489017816254,1.2631195572476006,2.543242707850919
single_point_removed,high_force,L3N4,202,l3_n4_d1000000_seed202_task5_per_point.npz,12000,0.4803361012491708,3.036678660185723,1.4770014075875904,19.73908659123939
single_point_removed,high_force,L3N4,42,l3_n4_d1000000_seed42_task3_per_point.npz,12000,0.45810187426306465,0.7417585775552221,1.3737568118440866,2.7900752268659623
single_point_removed,high_force,L3N4,7,l3_n4_d1000000_seed7_task2_per_point.npz,12000,0.4000723860282451,0.6440749677076462,1.2581838252090953,2.596774136510607
single_point_removed,high_force,L3N5,0,l3_n5_d1000000_seed0_task3_per_point.npz,12000,0.5227302262143543,0.8425994126711438,1.5482556592429575,3.172209913197685
single_point_removed,high_force,L3N5,1776,l3_n5_d1000000_seed1776_task1_per_point.npz,12000,0.42535073155971864,0.7799719134152592,1.4990535195412114,29.202189129444754
single_point_removed,high_force,L3N5,1,l3_n5_d1000000_seed1_task4_per_point.npz,12000,0.4050575595910971,0.6467457869823375,1.2864088121368913,2.555345727692707
single_point_removed,high_force,L3N5,2,l3_n5_d1000000_seed2_task5_per_point.npz,12000,0.5157063943392908,0.8104781884002064,1.4702641431805006,3.0740181625224663
single_point_removed,high_force,L3N5,3,l3_n5_d1000000_seed3_task6_per_point.npz,12000,0.3986936640046382,0.6429475992242751,1.3053630880753897,6.103995801853406
single_point_removed,high_force,L3N5,42,l3_n5_d1000000_seed42_task0_per_point.npz,12000,0.40906784307366856,0.6567873154158992,1.2898141837879498,2.5850123753547285
single_point_removed,high_force,L3N5,4,l3_n5_d1000000_seed4_task7_per_point.npz,12000,0.4021937045312176,0.663294213219318,1.290138441294222,2.714103561671626
single_point_removed,high_force,L3N5,7,l3_n5_d1000000_seed7_task2_per_point.npz,12000,0.42589784049149604,0.683396907311396,1.3541441148260402,2.753164439193802
single_point_removed,high_energy,L3N4,0,l3_n4_d1000000_seed0_task0_per_point.npz,11999,0.22980623287363383,0.48143462021539474,0.7217649575789653,2.083446146458305
single_point_removed,high_energy,L3N4,101,l3_n4_d1000000_seed101_task4_per_point.npz,11999,0.22912211131628318,0.4762444583973735,0.7145377687845357,2.020203633459627
single_point_removed,high_energy,L3N4,1,l3_n4_d1000000_seed1_task1_per_point.npz,11999,0.23689932942002978,0.5136309884590445,0.7774768963904494,6.603051480624762
single_point_removed,high_energy,L3N4,202,l3_n4_d1000000_seed202_task5_per_point.npz,11999,0.2945249999242084,2.9992101215322795,0.9040823580252176,19.677559521585856
single_point_removed,high_energy,L3N4,42,l3_n4_d1000000_seed42_task3_per_point.npz,11999,0.27085953591734047,0.5719638750779186,0.7907603061938389,2.2332208476272686
single_point_removed,high_energy,L3N4,7,l3_n4_d1000000_seed7_task2_per_point.npz,11999,0.2359898555516223,0.48045668248050516,0.7273629051748233,2.0860883491586844
single_point_removed,high_energy,L3N5,0,l3_n5_d1000000_seed0_task3_per_point.npz,11999,0.3091847429037869,0.6090039279318884,0.890416466950362,2.438453712145913
single_point_removed,high_energy,L3N5,1776,l3_n5_d1000000_seed1776_task1_per_point.npz,11999,0.2500710012475812,0.6332759109931739,0.9421556615465311,29.157458277572967
single_point_removed,high_energy,L3N5,1,l3_n5_d1000000_seed1_task4_per_point.npz,11999,0.24077474646731628,0.4829162919865941,0.7394494204837808,2.0049389191035485
single_point_removed,high_energy,L3N5,2,l3_n5_d1000000_seed2_task5_per_point.npz,11999,0.303883562168287,0.6082553396917174,0.8494661752918852,2.52287464676384
single_point_removed,high_energy,L3N5,3,l3_n5_d1000000_seed3_task6_per_point.npz,11999,0.23032052140005807,0.46372269109407394,0.7282556578269156,2.082543386947999
single_point_removed,high_energy,L3N5,42,l3_n5_d1000000_seed42_task0_per_point.npz,11999,0.23890148976393785,0.49048347133816794,0.739065841167375,2.0401474270504405
single_point_removed,high_energy,L3N5,4,l3_n5_d1000000_seed4_task7_per_point.npz,11999,0.23123566183768487,0.48869705792944534,0.734758530511724,2.0759181886637434
single_point_removed,high_energy,L3N5,7,l3_n5_d1000000_seed7_task2_per_point.npz,11999,0.24786768055764902,0.5138367027188374,0.7787583365574338,2.2014711399791995
single_point_removed,planar,L3N4,0,l3_n4_d1000000_seed0_task0_per_point.npz,11999,0.2068986490425348,0.35865816171970477,0.5971270093096991,1.356179868451737
single_point_removed,planar,L3N4,101,l3_n4_d1000000_seed101_task4_per_point.npz,11999,0.20664498210713952,0.3716711402421641,0.5992078944765163,1.4025539571166004
single_point_removed,planar,L3N4,1,l3_n4_d1000000_seed1_task1_per_point.npz,11999,0.21885987496976356,0.4281520913376646,0.6640012350201525,6.430140291654404
single_point_removed,planar,L3N4,202,l3_n4_d1000000_seed202_task5_per_point.npz,11999,0.2396298174846693,0.40692890271235044,0.6581689419997455,1.47116551808645
single_point_removed,planar,L3N4,42,l3_n4_d1000000_seed42_task3_per_point.npz,11999,0.2369357832440541,0.4232826455280545,0.6651562392040617,1.4736068261450703
single_point_removed,planar,L3N4,7,l3_n4_d1000000_seed7_task2_per_point.npz,11999,0.21279188790667905,0.3754297118418615,0.604987035673343,1.3800011576425113
single_point_removed,planar,L3N5,0,l3_n5_d1000000_seed0_task3_per_point.npz,11999,0.28738176494716344,0.5255850410779215,0.7510280711498002,1.8383619683516748
single_point_removed,planar,L3N5,1776,l3_n5_d1000000_seed1776_task1_per_point.npz,11999,0.22565898764699993,0.3982235992599946,0.6423062666276285,1.4632761332793922
single_point_removed,planar,L3N5,1,l3_n5_d1000000_seed1_task4_per_point.npz,11999,0.21458100578689865,0.3859952546647113,0.6265986041931784,1.3846856922467812
single_point_removed,planar,L3N5,2,l3_n5_d1000000_seed2_task5_per_point.npz,11999,0.28205025333394873,0.4832924148967315,0.7142322136395843,1.5094861463418412
single_point_removed,planar,L3N5,3,l3_n5_d1000000_seed3_task6_per_point.npz,11999,0.21089648593756416,0.36690161526009535,0.6202744002479674,1.3701087393474456
single_point_removed,planar,L3N5,42,l3_n5_d1000000_seed42_task0_per_point.npz,11999,0.21525349005117933,0.38436654846807844,0.6227563478286915,1.3902384811886286
single_point_removed,planar,L3N5,4,l3_n5_d1000000_seed4_task7_per_point.npz,11999,0.21743018299071717,0.4070322956438803,0.6349891138433881,1.6166113701035894
single_point_removed,planar,L3N5,7,l3_n5_d1000000_seed7_task2_per_point.npz,11999,0.22469056622733802,0.3888021626723797,0.6514761476004354,1.4612294245522064
