architecture,seed,run_label,source_file,metric,raw,filtered,n_total,n_shared_hard,n_diagnostic_filtered,n_filtered,filtered_fraction
L3N4,0,L3N4 s0,examples/methane_sweep/results/per_point/random_common_80k/l3_n4_d1000000_seed0_task0_per_point.csv,energy_mae,0.1997303498080699,0.19972404117898868,80000,1,0,1,1.25e-05
L3N4,0,L3N4 s0,examples/methane_sweep/results/per_point/random_common_80k/l3_n4_d1000000_seed0_task0_per_point.csv,energy_mse,0.11864814622822233,0.11864342677603967,80000,1,0,1,1.25e-05
L3N4,0,L3N4 s0,examples/methane_sweep/results/per_point/random_common_80k/l3_n4_d1000000_seed0_task0_per_point.csv,force_mae,0.582884143878776,0.5827516680571588,80000,1,0,1,1.25e-05
L3N4,0,L3N4 s0,examples/methane_sweep/results/per_point/random_common_80k/l3_n4_d1000000_seed0_task0_per_point.csv,force_rmse,1.2994687470283572,1.2980738547395774,80000,1,0,1,1.25e-05
L3N4,1,L3N4 s1,examples/methane_sweep/results/per_point/random_common_80k/l3_n4_d1000000_seed1_task1_per_point.csv,energy_mae,0.20599446008317174,0.20599208465158828,80000,1,0,1,1.25e-05
L3N4,1,L3N4 s1,examples/methane_sweep/results/per_point/random_common_80k/l3_n4_d1000000_seed1_task1_per_point.csv,energy_mse,0.12943177788582422,0.12943143531530465,80000,1,0,1,1.25e-05
L3N4,1,L3N4 s1,examples/methane_sweep/results/per_point/random_common_80k/l3_n4_d1000000_seed1_task1_per_point.csv,force_mae,0.6041831642617682,0.5956024896968747,80000,1,2,3,3.75e-05
L3N4,1,L3N4 s1,examples/methane_sweep/results/per_point/random_common_80k/l3_n4_d1000000_seed1_task1_per_point.csv,force_rmse,2.8360281282615443,1.346861992017193,80000,1,2,3,3.75e-05
L3N4,7,L3N4 s7,examples/methane_sweep/results/per_point/random_common_80k/l3_n4_d1000000_seed7_task2_per_point.csv,energy_mae,0.20470212453629938,0.20434377151723546,80000,1,0,1,1.25e-05
L3N4,7,L3N4 s7,examples/methane_sweep/results/per_point/random_common_80k/l3_n4_d1000000_seed7_task2_per_point.csv,energy_mse,0.1324329827512162,0.12201418065708411,80000,1,0,1,1.25e-05
L3N4,7,L3N4 s7,examples/methane_sweep/results/per_point/random_common_80k/l3_n4_d1000000_seed7_task2_per_point.csv,force_mae,0.5900155144423305,0.5867417857810487,80000,1,0,1,1.25e-05
L3N4,7,L3N4 s7,examples/methane_sweep/results/per_point/random_common_80k/l3_n4_d1000000_seed7_task2_per_point.csv,force_rmse,1.95694530956505,1.2958311740833266,80000,1,0,1,1.25e-05
L3N4,42,L3N4 s42,examples/methane_sweep/results/per_point/random_common_80k/l3_n4_d1000000_seed42_task3_per_point.csv,energy_mae,0.265648224465159,0.2300254985876023,80000,1,0,1,1.25e-05
L3N4,42,L3N4 s42,examples/methane_sweep/results/per_point/random_common_80k/l3_n4_d1000000_seed42_task3_per_point.csv,energy_mse,101.6904750540549,0.15580015379420717,80000,1,0,1,1.25e-05
L3N4,42,L3N4 s42,examples/methane_sweep/results/per_point/random_common_80k/l3_n4_d1000000_seed42_task3_per_point.csv,force_mae,2.3786001279911937,0.6380608837001563,80000,1,0,1,1.25e-05
L3N4,42,L3N4 s42,examples/methane_sweep/results/per_point/random_common_80k/l3_n4_d1000000_seed42_task3_per_point.csv,force_rmse,635.9224767727965,1.3829151563668889,80000,1,0,1,1.25e-05
L3N4,101,L3N4 s101,examples/methane_sweep/results/per_point/random_common_80k/l3_n4_d1000000_seed101_task4_per_point.csv,energy_mae,0.19947978295959182,0.19937756011790556,80000,1,0,1,1.25e-05
L3N4,101,L3N4 s101,examples/methane_sweep/results/per_point/random_common_80k/l3_n4_d1000000_seed101_task4_per_point.csv,energy_mse,0.12008334044874827,0.11920761102072182,80000,1,0,1,1.25e-05
L3N4,101,L3N4 s101,examples/methane_sweep/results/per_point/random_common_80k/l3_n4_d1000000_seed101_task4_per_point.csv,force_mae,0.5807663608315538,0.5789142530506817,80000,1,0,1,1.25e-05
L3N4,101,L3N4 s101,examples/methane_sweep/results/per_point/random_common_80k/l3_n4_d1000000_seed101_task4_per_point.csv,force_rmse,1.4576801015944574,1.2721776337777988,80000,1,0,1,1.25e-05
L3N4,202,L3N4 s202,examples/methane_sweep/results/per_point/random_common_80k/l3_n4_d1000000_seed202_task5_per_point.csv,energy_mae,0.23565154646359734,0.2316123366957208,80000,1,1,2,2.5e-05
L3N4,202,L3N4 s202,examples/methane_sweep/results/per_point/random_common_80k/l3_n4_d1000000_seed202_task5_per_point.csv,energy_mse,1.457533985858258,0.14999229838217143,80000,1,1,2,2.5e-05
L3N4,202,L3N4 s202,examples/methane_sweep/results/per_point/random_common_80k/l3_n4_d1000000_seed202_task5_per_point.csv,force_mae,0.6539855536744487,0.6353805134824162,80000,1,1,2,2.5e-05
L3N4,202,L3N4 s202,examples/methane_sweep/results/per_point/random_common_80k/l3_n4_d1000000_seed202_task5_per_point.csv,force_rmse,7.698826425968153,1.369955376791983,80000,1,2,3,3.75e-05
L3N5,0,L3N5 s0,examples/methane_sweep/results/per_point/random_common_80k/l3_n5_d1000000_seed0_task3_per_point.csv,energy_mae,0.27910872991609503,0.2790580983646451,80000,1,0,1,1.25e-05
L3N5,0,L3N5 s0,examples/methane_sweep/results/per_point/random_common_80k/l3_n5_d1000000_seed0_task3_per_point.csv,energy_mse,0.21052727745352132,0.210295590121512,80000,1,0,1,1.25e-05
L3N5,0,L3N5 s0,examples/methane_sweep/results/per_point/random_common_80k/l3_n5_d1000000_seed0_task3_per_point.csv,force_mae,0.7222488466519684,0.7216810754932185,80000,1,0,1,1.25e-05
L3N5,0,L3N5 s0,examples/methane_sweep/results/per_point/random_common_80k/l3_n5_d1000000_seed0_task3_per_point.csv,force_rmse,1.578732560834111,1.559587651667126,80000,1,0,1,1.25e-05
L3N5,1,L3N5 s1,examples/methane_sweep/results/per_point/random_common_80k/l3_n5_d1000000_seed1_task4_per_point.csv,energy_mae,0.20622627334078425,0.2062253340065804,80000,1,0,1,1.25e-05
L3N5,1,L3N5 s1,examples/methane_sweep/results/per_point/random_common_80k/l3_n5_d1000000_seed1_task4_per_point.csv,energy_mse,0.12393757183625269,0.1239381314348712,80000,1,0,1,1.25e-05
L3N5,1,L3N5 s1,examples/methane_sweep/results/per_point/random_common_80k/l3_n5_d1000000_seed1_task4_per_point.csv,force_mae,0.604897708594813,0.6048649555029184,80000,1,0,1,1.25e-05
L3N5,1,L3N5 s1,examples/methane_sweep/results/per_point/random_common_80k/l3_n5_d1000000_seed1_task4_per_point.csv,force_rmse,1.2933777045529307,1.2932691320671317,80000,1,0,1,1.25e-05
L3N5,2,L3N5 s2,examples/methane_sweep/results/per_point/random_common_80k/l3_n5_d1000000_seed2_task5_per_point.csv,energy_mae,0.2711846569232875,0.27097961311528984,80000,1,0,1,1.25e-05
L3N5,2,L3N5 s2,examples/methane_sweep/results/per_point/random_common_80k/l3_n5_d1000000_seed2_task5_per_point.csv,energy_mse,0.20292115174620873,0.19944816453450043,80000,1,0,1,1.25e-05
L3N5,2,L3N5 s2,examples/methane_sweep/results/per_point/random_common_80k/l3_n5_d1000000_seed2_task5_per_point.csv,force_mae,0.7000906752509899,0.6951600023497876,80000,1,1,2,2.5e-05
L3N5,2,L3N5 s2,examples/methane_sweep/results/per_point/random_common_80k/l3_n5_d1000000_seed2_task5_per_point.csv,force_rmse,2.1983157814365977,1.5103077502959754,80000,1,1,2,2.5e-05
L3N5,3,L3N5 s3,examples/methane_sweep/results/per_point/random_common_80k/l3_n5_d1000000_seed3_task6_per_point.csv,energy_mae,0.21322648383491905,0.20394650219085464,80000,1,0,1,1.25e-05
L3N5,3,L3N5 s3,examples/methane_sweep/results/per_point/random_common_80k/l3_n5_d1000000_seed3_task6_per_point.csv,energy_mse,7.014966376423548,0.12173739348657052,80000,1,0,1,1.25e-05
L3N5,3,L3N5 s3,examples/methane_sweep/results/per_point/random_common_80k/l3_n5_d1000000_seed3_task6_per_point.csv,force_mae,0.9543238453082751,0.5967284759097814,80000,1,2,3,3.75e-05
L3N5,3,L3N5 s3,examples/methane_sweep/results/per_point/random_common_80k/l3_n5_d1000000_seed3_task6_per_point.csv,force_rmse,150.9771921369102,1.3116063493814423,80000,1,2,3,3.75e-05
L3N5,4,L3N5 s4,examples/methane_sweep/results/per_point/random_common_80k/l3_n5_d1000000_seed4_task7_per_point.csv,energy_mae,0.2038352158157795,0.20383761596646005,80000,1,0,1,1.25e-05
L3N5,4,L3N5 s4,examples/methane_sweep/results/per_point/random_common_80k/l3_n5_d1000000_seed4_task7_per_point.csv,energy_mse,0.12750434331235164,0.12750593538849514,80000,1,0,1,1.25e-05
L3N5,4,L3N5 s4,examples/methane_sweep/results/per_point/random_common_80k/l3_n5_d1000000_seed4_task7_per_point.csv,force_mae,0.5974813308890118,0.5969139734641163,80000,1,0,1,1.25e-05
L3N5,4,L3N5 s4,examples/methane_sweep/results/per_point/random_common_80k/l3_n5_d1000000_seed4_task7_per_point.csv,force_rmse,1.3610072700351439,1.342844364055362,80000,1,0,1,1.25e-05
L3N5,7,L3N5 s7,examples/methane_sweep/results/per_point/random_common_80k/l3_n5_d1000000_seed7_task2_per_point.csv,energy_mae,0.21562233584981877,0.21441509696733335,80000,1,0,1,1.25e-05
L3N5,7,L3N5 s7,examples/methane_sweep/results/per_point/random_common_80k/l3_n5_d1000000_seed7_task2_per_point.csv,energy_mse,0.2531010631806582,0.13599043035324207,80000,1,0,1,1.25e-05
L3N5,7,L3N5 s7,examples/methane_sweep/results/per_point/random_common_80k/l3_n5_d1000000_seed7_task2_per_point.csv,force_mae,0.6349262734162018,0.6279605299691444,80000,1,0,1,1.25e-05
L3N5,7,L3N5 s7,examples/methane_sweep/results/per_point/random_common_80k/l3_n5_d1000000_seed7_task2_per_point.csv,force_rmse,2.8352816844427586,1.3700635174296512,80000,1,0,1,1.25e-05
L3N5,42,L3N5 s42,examples/methane_sweep/results/per_point/random_common_80k/l3_n5_d1000000_seed42_task0_per_point.csv,energy_mae,0.2081716774016153,0.20815761477142763,80000,1,0,1,1.25e-05
L3N5,42,L3N5 s42,examples/methane_sweep/results/per_point/random_common_80k/l3_n5_d1000000_seed42_task0_per_point.csv,energy_mse,0.12711230749126493,0.12709167942481223,80000,1,0,1,1.25e-05
L3N5,42,L3N5 s42,examples/methane_sweep/results/per_point/random_common_80k/l3_n5_d1000000_seed42_task0_per_point.csv,force_mae,0.6043628579591266,0.6041989689571777,80000,1,0,1,1.25e-05
L3N5,42,L3N5 s42,examples/methane_sweep/results/per_point/random_common_80k/l3_n5_d1000000_seed42_task0_per_point.csv,force_rmse,1.32551206124052,1.3239194888544696,80000,1,0,1,1.25e-05
L3N5,1776,L3N5 s1776,examples/methane_sweep/results/per_point/random_common_80k/l3_n5_d1000000_seed1776_task1_per_point.csv,energy_mae,0.21555212002652696,0.2150181607065273,80000,1,1,2,2.5e-05
L3N5,1776,L3N5 s1776,examples/methane_sweep/results/per_point/random_common_80k/l3_n5_d1000000_seed1776_task1_per_point.csv,energy_mse,0.18033261831157094,0.15712375224980132,80000,1,1,2,2.5e-05
L3N5,1776,L3N5 s1776,examples/methane_sweep/results/per_point/random_common_80k/l3_n5_d1000000_seed1776_task1_per_point.csv,force_mae,0.653152918197432,0.6169339944602601,80000,1,2,3,3.75e-05
L3N5,1776,L3N5 s1776,examples/methane_sweep/results/per_point/random_common_80k/l3_n5_d1000000_seed1776_task1_per_point.csv,force_rmse,11.829932355929055,1.3437486926972677,80000,1,2,3,3.75e-05
L4N3,7,L4N3 s7,examples/methane_sweep/results/per_point/random_common_80k/l4_n3_d1000000_seed7_task2_per_point.csv,energy_mae,0.20703997271741972,0.2070403336059587,80000,1,0,1,1.25e-05
L4N3,7,L4N3 s7,examples/methane_sweep/results/per_point/random_common_80k/l4_n3_d1000000_seed7_task2_per_point.csv,energy_mse,0.13065260676673968,0.13065384313625614,80000,1,0,1,1.25e-05
L4N3,7,L4N3 s7,examples/methane_sweep/results/per_point/random_common_80k/l4_n3_d1000000_seed7_task2_per_point.csv,force_mae,0.6039136420403755,0.6039101083993499,80000,1,0,1,1.25e-05
L4N3,7,L4N3 s7,examples/methane_sweep/results/per_point/random_common_80k/l4_n3_d1000000_seed7_task2_per_point.csv,force_rmse,1.3104834935712766,1.3104861366740244,80000,1,0,1,1.25e-05
L4N3,42,L4N3 s42,examples/methane_sweep/results/per_point/random_common_80k/l4_n3_d1000000_seed42_task0_per_point.csv,energy_mae,0.21443938535493218,0.21444201152064013,80000,1,0,1,1.25e-05
L4N3,42,L4N3 s42,examples/methane_sweep/results/per_point/random_common_80k/l4_n3_d1000000_seed42_task0_per_point.csv,energy_mse,0.13467138718436023,0.13467307036134388,80000,1,0,1,1.25e-05
L4N3,42,L4N3 s42,examples/methane_sweep/results/per_point/random_common_80k/l4_n3_d1000000_seed42_task0_per_point.csv,force_mae,0.6298982761745554,0.6299028338267697,80000,1,0,1,1.25e-05
L4N3,42,L4N3 s42,examples/methane_sweep/results/per_point/random_common_80k/l4_n3_d1000000_seed42_task0_per_point.csv,force_rmse,2.2022811993389295,2.190750933196673,80000,1,1,2,2.5e-05
L4N3,101,L4N3 s101,examples/methane_sweep/results/per_point/random_common_80k/l4_n3_d1000000_seed101_task3_per_point.csv,energy_mae,0.2188547617257631,0.2187884790761058,80000,1,0,1,1.25e-05
L4N3,101,L4N3 s101,examples/methane_sweep/results/per_point/random_common_80k/l4_n3_d1000000_seed101_task3_per_point.csv,energy_mse,0.14179328306987687,0.1414139774577502,80000,1,0,1,1.25e-05
L4N3,101,L4N3 s101,examples/methane_sweep/results/per_point/random_common_80k/l4_n3_d1000000_seed101_task3_per_point.csv,force_mae,0.6427452117045079,0.6418833621567446,80000,1,0,1,1.25e-05
L4N3,101,L4N3 s101,examples/methane_sweep/results/per_point/random_common_80k/l4_n3_d1000000_seed101_task3_per_point.csv,force_rmse,1.4239952908580757,1.3763094755452205,80000,1,0,1,1.25e-05
L4N3,202,L4N3 s202,examples/methane_sweep/results/per_point/random_common_80k/l4_n3_d1000000_seed202_task4_per_point.csv,energy_mae,0.21289867895157077,0.21211967627560047,80000,1,1,2,2.5e-05
L4N3,202,L4N3 s202,examples/methane_sweep/results/per_point/random_common_80k/l4_n3_d1000000_seed202_task4_per_point.csv,energy_mse,0.18129321402658055,0.13229252048566728,80000,1,1,2,2.5e-05
L4N3,202,L4N3 s202,examples/methane_sweep/results/per_point/random_common_80k/l4_n3_d1000000_seed202_task4_per_point.csv,force_mae,0.6214379529677566,0.619937622703813,80000,1,1,2,2.5e-05
L4N3,202,L4N3 s202,examples/methane_sweep/results/per_point/random_common_80k/l4_n3_d1000000_seed202_task4_per_point.csv,force_rmse,1.4826444037790445,1.3462125782581273,80000,1,1,2,2.5e-05
L4N3,303,L4N3 s303,examples/methane_sweep/results/per_point/random_common_80k/l4_n3_d1000000_seed303_task5_per_point.csv,energy_mae,0.21497051230372163,0.21496628839065782,80000,1,0,1,1.25e-05
L4N3,303,L4N3 s303,examples/methane_sweep/results/per_point/random_common_80k/l4_n3_d1000000_seed303_task5_per_point.csv,energy_mse,0.137794372165021,0.1377922736239737,80000,1,0,1,1.25e-05
L4N3,303,L4N3 s303,examples/methane_sweep/results/per_point/random_common_80k/l4_n3_d1000000_seed303_task5_per_point.csv,force_mae,0.6292387607715947,0.6292283664944576,80000,1,0,1,1.25e-05
L4N3,303,L4N3 s303,examples/methane_sweep/results/per_point/random_common_80k/l4_n3_d1000000_seed303_task5_per_point.csv,force_rmse,1.3603063055622315,1.3602963699038995,80000,1,0,1,1.25e-05
L4N3,1776,L4N3 s1776,examples/methane_sweep/results/per_point/random_common_80k/l4_n3_d1000000_seed1776_task1_per_point.csv,energy_mae,0.20889746330198833,0.2088969621978842,80000,1,0,1,1.25e-05
L4N3,1776,L4N3 s1776,examples/methane_sweep/results/per_point/random_common_80k/l4_n3_d1000000_seed1776_task1_per_point.csv,energy_mse,0.13295207788129687,0.13295296487242153,80000,1,0,1,1.25e-05
L4N3,1776,L4N3 s1776,examples/methane_sweep/results/per_point/random_common_80k/l4_n3_d1000000_seed1776_task1_per_point.csv,force_mae,0.6139854113521747,0.613983231982388,80000,1,0,1,1.25e-05
L4N3,1776,L4N3 s1776,examples/methane_sweep/results/per_point/random_common_80k/l4_n3_d1000000_seed1776_task1_per_point.csv,force_rmse,1.4906635046490413,1.4906680206678937,80000,1,0,1,1.25e-05
L4N4,0,L4N4 s0,examples/methane_sweep/results/per_point/random_common_80k/l4_n4_d1000000_seed0_task6_per_point.csv,energy_mae,0.183090003550495,0.18308901734097668,80000,1,0,1,1.25e-05
L4N4,0,L4N4 s0,examples/methane_sweep/results/per_point/random_common_80k/l4_n4_d1000000_seed0_task6_per_point.csv,energy_mse,0.10032041371842056,0.10032080977168899,80000,1,0,1,1.25e-05
L4N4,0,L4N4 s0,examples/methane_sweep/results/per_point/random_common_80k/l4_n4_d1000000_seed0_task6_per_point.csv,force_mae,0.5445171628077453,0.5444367673459606,80000,1,0,1,1.25e-05
L4N4,0,L4N4 s0,examples/methane_sweep/results/per_point/random_common_80k/l4_n4_d1000000_seed0_task6_per_point.csv,force_rmse,1.2228122493840694,1.222354670935158,80000,1,0,1,1.25e-05
L4N4,7,L4N4 s7,examples/methane_sweep/results/per_point/random_common_80k/l4_n4_d1000000_seed7_task7_per_point.csv,energy_mae,0.18390466804380995,0.18390559586156094,80000,1,0,1,1.25e-05
L4N4,7,L4N4 s7,examples/methane_sweep/results/per_point/random_common_80k/l4_n4_d1000000_seed7_task7_per_point.csv,energy_mse,0.10510185567292149,0.10510301908889809,80000,1,0,1,1.25e-05
L4N4,7,L4N4 s7,examples/methane_sweep/results/per_point/random_common_80k/l4_n4_d1000000_seed7_task7_per_point.csv,force_mae,0.5533003617275281,0.5533015248530473,80000,1,0,1,1.25e-05
L4N4,7,L4N4 s7,examples/methane_sweep/results/per_point/random_common_80k/l4_n4_d1000000_seed7_task7_per_point.csv,force_rmse,1.272721362426923,1.2727278028599676,80000,1,0,1,1.25e-05
L4N4,42,L4N4 s42,examples/methane_sweep/results/per_point/random_common_80k/l4_n4_d1000000_seed42_task8_per_point.csv,energy_mae,0.18831727622949984,0.18816927424615423,80000,1,0,1,1.25e-05
L4N4,42,L4N4 s42,examples/methane_sweep/results/per_point/random_common_80k/l4_n4_d1000000_seed42_task8_per_point.csv,energy_mse,0.11034994343595993,0.10854279180738549,80000,1,0,1,1.25e-05
L4N4,42,L4N4 s42,examples/methane_sweep/results/per_point/random_common_80k/l4_n4_d1000000_seed42_task8_per_point.csv,force_mae,0.5667680229394589,0.5647440776685151,80000,1,0,1,1.25e-05
L4N4,42,L4N4 s42,examples/methane_sweep/results/per_point/random_common_80k/l4_n4_d1000000_seed42_task8_per_point.csv,force_rmse,1.4851854471900643,1.2583774146944813,80000,1,0,1,1.25e-05
L4N4,1776,L4N4 s1776,examples/methane_sweep/results/per_point/random_common_80k/l4_n4_d1000000_seed1776_task9_per_point.csv,energy_mae,0.18196098293097457,0.18083965734423288,80000,1,0,1,1.25e-05
L4N4,1776,L4N4 s1776,examples/methane_sweep/results/per_point/random_common_80k/l4_n4_d1000000_seed1776_task9_per_point.csv,energy_mse,0.20304205036630946,0.10204767118664484,80000,1,0,1,1.25e-05
L4N4,1776,L4N4 s1776,examples/methane_sweep/results/per_point/random_common_80k/l4_n4_d1000000_seed1776_task9_per_point.csv,force_mae,0.5456845436133745,0.5410635009270894,80000,1,0,1,1.25e-05
L4N4,1776,L4N4 s1776,examples/methane_sweep/results/per_point/random_common_80k/l4_n4_d1000000_seed1776_task9_per_point.csv,force_rmse,2.478600102322565,1.222184660919629,80000,1,0,1,1.25e-05
